/home/ruthu/AMPLab_assignment1/audiofiles/audio_chunks/audio.000/2v/2vrUEPFeTnkeLqmG1JXiaZ.mp3,"[8.07696139e-04 5.39314715e-05 2.22312426e-03 4.07206564e-04
 6.66623178e-04 1.29880884e-03 1.38973282e-05 4.44371872e-05
 3.24625289e-03 2.16033979e-04 3.66595690e-03 7.05418992e-04
 7.43050214e-06 1.93438555e-05 1.73250032e-06 3.93885188e-04
 3.15794532e-05 9.10398885e-05 1.18986227e-05 1.16619494e-05
 1.89448110e-05 5.57882095e-06 1.31540344e-06 4.56633552e-06
 3.71795477e-06 3.02286189e-05 2.32326465e-06 8.99836959e-06
 1.48401011e-06 9.06535718e-07 4.12882173e-06 3.12967662e-04
 3.15189609e-05 1.02724705e-04 1.55659523e-04 5.57400926e-04
 3.87983300e-06 1.74979209e-06 1.93992855e-05 1.40433118e-03
 2.37543736e-06 3.80057580e-04 1.81514170e-05 5.02348354e-04
 2.37767919e-04 7.95420856e-05 2.79064443e-05 3.14488774e-04
 1.77500224e-05 2.69823155e-04 1.40258373e-04 1.86717045e-06
 1.00913225e-03 3.20558247e-05 2.07848316e-05 3.65369697e-03
 3.40720799e-05 9.94970251e-05 1.83055439e-04 4.71834483e-06
 2.57241154e-05 2.57698247e-07 6.22539592e-05 4.05157031e-03
 6.66417836e-05 2.36874257e-04 8.99616163e-04 6.58322708e-04
 3.38476639e-05 4.82409581e-04 3.50589573e-04 1.21300662e-04
 1.11070025e-04 4.29615375e-06 3.22271408e-05 3.01030036e-06
 5.36485025e-08 3.94341805e-05 3.54064377e-06 1.43037923e-05
 6.34185653e-07 7.23758785e-05 1.01057794e-05 4.54109904e-05
 1.26467990e-06 1.49548476e-04 4.06419313e-05 1.86514735e-05
 5.58307365e-05 1.32391418e-04 2.34131337e-04 2.25165277e-03
 7.42057309e-05 3.08697709e-05 2.89412274e-04 6.47224442e-05
 9.71221016e-05 1.15639705e-04 8.31409343e-05 3.76955967e-07
 2.94869969e-04 1.00923371e-05 2.54870916e-04 8.75608355e-04
 9.93438516e-06 8.60519285e-05 6.55223903e-06 1.27653257e-04
 4.06766867e-06 7.15453061e-04 6.17440528e-05 2.07788733e-04
 1.40236469e-03 5.44891882e-05 1.52705616e-04 3.46845773e-05
 1.52517623e-05 1.28959102e-04 9.21848732e-06 4.93651805e-06
 2.15596810e-06 1.62864637e-06 1.89324346e-05 5.87067461e-06
 2.08165943e-06 4.81570791e-03 2.58733460e-04 9.80095137e-05
 3.79503836e-05 9.88280983e-04 3.22133681e-04 6.20887076e-05
 1.61759657e-04 6.40352548e-04 1.42622739e-05 1.25058123e-05
 1.61390417e-05 1.57500817e-05 6.33135624e-03 1.23662094e-05
 8.52663652e-06 5.60252156e-05 1.04026578e-03 1.28731495e-02
 1.10344727e-05 2.84685259e-04 1.71838645e-02 4.12028935e-03
 6.16508305e-06 5.81450236e-04 2.45537540e-05 1.01393526e-02
 1.15364564e-05 7.31323889e-05 2.24269670e-03 1.74151748e-04
 3.83261322e-05 2.39807759e-05 3.16554833e-05 9.58325700e-07
 2.18700606e-07 3.64351445e-06 1.13031319e-06 5.76875100e-05
 1.60077561e-05 2.99899868e-04 6.59931335e-04 5.33554470e-04
 3.13143792e-05 4.84394288e-04 7.30813306e-04 1.44807226e-03
 4.94086853e-05 1.98178986e-05 6.16031350e-04 8.16130429e-04
 2.88925716e-03 5.38075619e-05 2.35637685e-07 3.55592647e-06
 3.90979621e-05 7.05941920e-06 3.80881079e-06 4.85717783e-06
 6.82777099e-05 1.87032776e-06 1.20024495e-04 3.12928296e-06
 2.92255463e-05 6.75934234e-06 6.59610350e-06 2.73571350e-05
 1.17675409e-05 7.99480858e-06 7.64862561e-05 7.29508320e-05
 1.23551013e-06 2.01981398e-04 4.48141000e-05 9.69844477e-05
 5.07658797e-06 2.50521634e-06 1.12226935e-05 4.03900398e-04
 6.10488642e-05 4.27006853e-06 1.05432155e-05 2.61232126e-05
 4.81013667e-05 2.83082500e-06 1.75220513e-04 4.66437450e-05
 3.56716955e-05 7.61186311e-05 3.04347661e-04 8.00260568e-06
 1.46428183e-05 4.74106128e-05 4.89106606e-05 7.85375448e-07
 4.05184328e-05 1.82294403e-04 1.11137044e-04 2.94268807e-06
 1.35773382e-06 9.35118951e-05 5.85167327e-05 5.26557887e-05
 3.73374678e-05 1.66166195e-04 1.81265859e-05 4.79988216e-07
 5.22618620e-06 2.58320341e-07 3.02450117e-05 6.76454438e-05
 3.97913740e-04 5.74562328e-05 3.40606135e-07 2.77550896e-07
 1.20986069e-05 3.37285710e-05 3.16857222e-06 3.02781496e-06
 1.47994724e-05 5.50944878e-06 6.12225790e-07 8.96972415e-05
 6.45833716e-05 3.56347191e-05 1.45505464e-06 1.98122143e-05
 3.11621043e-05 1.20381199e-04 3.70813012e-07 9.29716771e-06
 7.67232777e-05 4.92496401e-05 3.50565388e-05 2.19140566e-05
 5.58169404e-06 9.48759919e-07 3.94457311e-05 7.16257418e-05
 3.42496878e-06 9.35247897e-08 4.01600642e-04 1.58423893e-04
 3.60113347e-07 3.72033137e-05 6.18207874e-03 9.06170408e-06
 4.19573829e-04 3.14312979e-06 1.69051345e-04 8.76669073e-04
 1.25529640e-03 8.08250625e-05 7.82718230e-03 2.74316244e-05
 2.47530397e-02 1.41034764e-03 7.53611312e-05 4.76400089e-03
 2.89850272e-02 1.63427915e-03 9.32551266e-05 2.50067660e-05
 2.39387574e-03 1.61769596e-04 4.74831276e-03 4.66201827e-03
 1.02618942e-03 1.33402357e-02 4.42990095e-05 1.50971473e-05
 6.11344440e-05 7.45410534e-06 2.28138706e-05 9.95868235e-04
 7.02173566e-04 9.34851778e-05 2.56703115e-05 6.60106423e-04
 2.21048776e-05 3.28177726e-03 2.44071661e-03 3.91655937e-02
 1.89311728e-01 6.83238404e-03 2.70038121e-03 2.23351344e-05
 4.47887927e-04 1.80466045e-02 1.88886203e-04 1.30645242e-02
 4.39685524e-01 3.94110940e-02 8.26769901e-05 4.08406109e-02
 1.15500705e-04 7.94934022e-05 3.05273693e-06 7.17345465e-05
 1.84354103e-05 7.30995787e-03 1.52456225e-04 8.06760974e-03
 5.00557758e-03 2.27085478e-03 1.15374033e-03 1.07141357e-04
 2.74314918e-02 1.65912536e-06 3.05965979e-04 3.41786444e-02
 1.43737942e-01 2.13315730e-06 1.91093379e-04 4.22456978e-05
 4.78960974e-05 6.43018074e-03 1.07010501e-02 5.84231748e-04
 8.31746787e-04 1.88587725e-01 2.55134219e-04 1.17476541e-03
 3.42702419e-02 3.09841079e-03 1.99450515e-04 5.32324739e-05
 1.89480110e-04 2.12904470e-05 4.49347012e-02 6.17021415e-03
 1.87143795e-02 7.75591470e-05 1.10348614e-04 7.65093228e-06
 3.58156365e-04 8.73987679e-04 3.98956798e-03 1.83307976e-02
 2.42155999e-01 4.31345507e-06 1.12874829e-03 1.47081533e-04
 1.52131643e-05 1.45368942e-03 3.97837284e-05 1.62745446e-01
 1.10740684e-05 1.79231167e-03 2.69398770e-05 5.28483093e-02
 6.71969308e-03 2.87750717e-02 5.34800701e-02 8.39134753e-02
 1.42843956e-02 5.60818659e-03 3.86064011e-03 7.05962739e-05
 4.49584648e-02 1.92373060e-02 2.28958507e-03 4.05579995e-05
 7.61065818e-03 1.70419030e-02 1.05755182e-03 2.32790327e-07
 4.66251586e-05 1.81263988e-03 1.45725018e-04 1.99354618e-04
 4.40447504e-04 2.62977956e-05 1.44930952e-03 2.98024766e-04]",316,Rock---Brit Pop,Rock
/home/ruthu/AMPLab_assignment1/audiofiles/audio_chunks/audio.000/3T/3TVV9V0dVQs4b8hOQc4cOS.mp3,"[3.03109431e-08 7.66114681e-06 2.10111302e-05 1.36107956e-05
 5.70669772e-06 3.61730122e-06 9.37588879e-07 1.02342938e-06
 8.75201931e-06 1.24529731e-06 2.23847055e-05 4.80951348e-06
 5.74955520e-05 1.84012206e-05 1.65210326e-06 3.10546384e-05
 2.77164712e-04 7.10456443e-05 1.98625776e-06 4.41345009e-07
 6.16855050e-06 2.76117589e-05 6.54737846e-07 1.93018332e-06
 4.63114111e-06 4.69328115e-05 5.69805889e-06 5.69978038e-05
 2.76138849e-06 5.41926624e-07 7.04619288e-06 1.40970643e-03
 3.34355391e-05 4.04826387e-05 2.30066929e-04 8.64324335e-04
 1.78543822e-04 6.93944412e-06 1.01006735e-04 6.14247052e-03
 1.54570489e-06 5.84860612e-03 2.00141527e-04 1.08323654e-03
 1.40110787e-03 7.64600467e-04 7.06781429e-05 7.60565102e-02
 9.83006175e-05 7.01982790e-05 3.36336176e-04 3.44881992e-05
 1.72880187e-03 2.99712439e-04 1.28087820e-04 5.81711438e-03
 2.49161130e-05 2.77976645e-03 2.65531265e-03 3.91696449e-05
 1.79886050e-03 3.56640476e-06 5.67118288e-04 2.45393403e-02
 2.07521003e-02 4.43396362e-04 6.14808314e-03 1.37662527e-03
 8.44953349e-04 1.61598250e-02 5.15882112e-03 3.33701464e-04
 3.25732894e-04 2.78146355e-04 3.81899823e-04 5.44587907e-04
 3.63241888e-05 3.45018954e-04 7.23907579e-05 4.17876942e-03
 4.62320213e-06 9.65773943e-04 2.76026141e-04 4.08965163e-04
 3.96168121e-04 4.15287999e-04 3.63328145e-04 2.80848995e-04
 3.76753189e-04 3.83707159e-03 2.35295692e-03 1.48302745e-02
 1.54106776e-04 3.58109028e-05 4.26483370e-04 1.48034333e-05
 1.16466683e-04 2.19526072e-03 1.57956601e-04 6.16534089e-05
 6.58296689e-04 7.64218741e-04 3.31828883e-03 5.87889750e-04
 4.19739990e-05 4.06080653e-05 5.22514129e-05 7.46746300e-05
 7.90945796e-06 4.39807249e-04 1.34472357e-04 4.04936582e-05
 1.09378030e-04 3.87469663e-05 1.77201335e-04 2.86581402e-04
 2.71557406e-06 6.78993762e-04 4.00559475e-05 3.16051010e-04
 3.70817506e-05 3.42497442e-05 3.36958947e-05 2.49881559e-04
 4.06476174e-05 1.35819027e-02 2.45136587e-04 4.19249554e-04
 2.35540996e-04 5.93495846e-04 1.08883791e-02 3.34264385e-03
 4.25099744e-04 9.12720279e-04 5.77227259e-03 9.25024273e-04
 6.01263637e-05 1.19855395e-03 6.53950046e-05 5.01554609e-07
 1.16061319e-05 1.17253364e-06 3.23976157e-04 1.56947877e-04
 1.40361199e-05 5.50522018e-05 3.37531138e-03 6.88009386e-05
 1.85315021e-05 2.87529247e-07 5.32226302e-02 1.97774852e-06
 1.98894367e-02 1.73891336e-03 1.79339564e-04 1.98519221e-04
 4.60840791e-04 2.46629165e-03 5.38280117e-04 6.11705545e-05
 4.88443732e-07 9.33172396e-06 4.61214891e-04 4.21829864e-05
 9.87606327e-05 2.48468888e-04 2.13984586e-03 3.42327839e-04
 4.94223728e-04 3.39834741e-03 1.21034056e-04 2.32300896e-04
 4.28193453e-04 6.72362366e-05 4.10994617e-05 8.77540733e-04
 1.12738879e-03 5.33460152e-05 9.30351632e-07 1.13425148e-03
 2.24166759e-03 2.28598504e-03 5.34632200e-05 6.84455910e-04
 5.10409288e-03 2.76737078e-03 1.10295427e-03 6.19701168e-04
 1.13311494e-02 2.53718486e-03 4.68184007e-03 4.39191470e-03
 4.44412231e-03 4.95285215e-03 1.64720987e-03 2.91522429e-03
 1.70104671e-04 3.85449082e-02 1.03703566e-01 1.97339300e-02
 8.76224693e-03 2.19276967e-03 5.40773990e-03 3.23687796e-03
 1.89638376e-04 8.34691455e-05 3.02836488e-05 5.96589280e-06
 3.28031274e-06 1.20270829e-06 1.67538292e-05 2.44193052e-05
 1.15561215e-05 5.25411888e-05 6.17542246e-05 1.14881714e-05
 4.18519858e-06 1.19135620e-04 5.29070909e-04 1.34463590e-07
 2.20831353e-05 2.36753021e-05 5.75274134e-05 5.82282894e-07
 1.12980263e-06 4.71167414e-06 4.94775959e-05 1.14071436e-05
 3.79844028e-06 1.47568149e-04 1.93014741e-04 9.93940648e-06
 2.90770968e-05 3.61048166e-07 2.54578408e-05 2.81351140e-06
 3.37230449e-05 2.12591462e-04 2.34716899e-05 1.14997019e-05
 1.79220486e-04 4.20739438e-04 6.49543244e-06 4.24729573e-04
 6.28254975e-06 3.71765782e-06 1.05783295e-06 6.67888162e-05
 7.74624292e-04 6.85305486e-06 4.26965253e-03 6.35370452e-05
 1.12941302e-06 1.61555479e-03 2.83116005e-05 2.22163708e-05
 5.59393428e-02 4.90016129e-04 5.31131169e-03 8.81637534e-05
 1.71437005e-05 1.90680259e-06 7.94653897e-05 5.00705619e-06
 1.94744771e-05 6.20680055e-07 1.38190895e-04 1.86331483e-04
 3.44570026e-07 2.49852365e-05 3.05287482e-04 3.48769936e-06
 5.80201631e-05 2.70223973e-06 4.96028088e-06 1.07883370e-05
 1.73542994e-05 1.28533584e-05 1.43951345e-02 1.05998188e-01
 1.53583884e-02 2.45892699e-03 1.80485108e-06 6.55065197e-03
 4.71263076e-04 7.41002895e-03 1.49524912e-01 1.63528366e-05
 2.04661756e-05 2.31290996e-05 4.69604216e-04 2.28256825e-03
 7.26735336e-04 1.10303741e-02 4.74748528e-03 2.21432954e-01
 7.68780103e-03 5.22931246e-03 1.16390280e-01 1.26611693e-02
 1.53818913e-02 2.50614528e-03 4.95421812e-02 2.00721575e-03
 1.01570226e-01 6.73365093e-06 1.55670132e-05 3.33204982e-04
 9.66922205e-04 3.13346609e-05 1.02311424e-04 4.63323062e-07
 2.03849904e-05 4.86236650e-06 1.69664600e-05 5.99449822e-06
 1.78044676e-04 1.82789408e-05 4.77922731e-06 6.00834073e-06
 1.70895407e-06 3.15888828e-05 8.50196739e-06 3.01003041e-07
 1.07401343e-06 9.02324700e-06 2.71693148e-06 4.01630331e-07
 4.84999327e-05 4.72004012e-06 3.22762149e-04 2.10488033e-05
 2.88586743e-04 9.58036026e-07 8.37942935e-05 7.22671393e-06
 2.58949203e-05 8.15563453e-06 1.02915219e-05 1.63236637e-05
 3.10812975e-05 4.96851280e-05 1.30654254e-04 1.67475337e-05
 8.34473685e-05 2.71804311e-04 6.74444527e-05 5.83634319e-05
 1.06595355e-04 2.69601842e-05 3.10225255e-06 4.14767283e-06
 1.37280017e-06 1.98705584e-05 4.00943054e-06 1.03390390e-04
 4.31594599e-05 3.80564097e-06 1.00674397e-05 2.89054378e-06
 2.99844483e-04 5.07934101e-06 7.38128219e-05 2.76596693e-04
 1.92425377e-03 1.23426016e-05 3.17347713e-06 9.66446532e-05
 1.71764191e-06 1.84194250e-05 7.85060638e-06 8.21001522e-05
 1.30443993e-06 2.36568667e-05 3.09003235e-06 1.06857944e-04
 6.39536165e-06 3.91998401e-06 2.00055350e-04 2.21374794e-05
 2.21736218e-06 3.47206480e-07 1.07880658e-03 3.86391719e-07
 7.41109980e-05 3.22888664e-05 4.33853456e-05 4.13902035e-06
 4.63624565e-06 1.83556003e-05 1.50709138e-05 1.53651013e-06
 8.50644028e-06 7.60558237e-07 6.01741376e-05 3.35413802e-07
 1.27990160e-03 5.48599637e-04 7.39726126e-02 6.12186966e-04]",295,Reggae---Dancehall,Reggae
/home/ruthu/AMPLab_assignment1/audiofiles/audio_chunks/audio.000/3T/3tJjZMHLqhD8DaGgdBICnc.mp3,"[2.82108609e-04 2.94684694e-04 1.23323873e-03 8.37589090e-04
 1.69654260e-04 9.68097593e-05 5.86688635e-04 3.58220702e-03
 5.18029789e-04 7.46995024e-03 3.15863127e-03 3.38163751e-04
 3.85578227e-04 9.35155374e-04 2.80608214e-03 2.91179924e-04
 3.06203612e-03 5.29010431e-04 6.41973875e-03 5.92100201e-03
 1.84068307e-02 2.65366863e-02 8.44699040e-04 4.92293276e-02
 2.71162088e-03 7.32861683e-02 1.49497036e-02 5.51849417e-03
 1.15025220e-02 9.45883617e-03 1.71906676e-03 5.98877482e-03
 2.33926999e-04 5.57754975e-05 1.90617715e-03 5.51016182e-02
 1.27449899e-03 7.60855153e-03 1.47790788e-03 6.53616525e-03
 2.78370062e-05 1.39479036e-03 6.74390118e-04 1.08046317e-03
 3.08195362e-03 6.23234501e-03 1.00024790e-03 8.52947682e-03
 1.83990654e-02 3.10754366e-02 4.29565040e-03 4.86436707e-04
 6.35783654e-04 1.85826546e-04 7.00965582e-04 5.50019704e-02
 2.86446046e-03 2.47412617e-03 4.29905107e-04 3.34609183e-04
 1.83813658e-03 1.25117321e-03 1.96577073e-03 1.41887944e-02
 1.08914832e-02 2.02120561e-03 5.12303272e-03 8.48385214e-04
 2.43816219e-04 3.85072408e-03 2.91795451e-02 6.89880224e-04
 3.60906217e-03 4.00663790e-04 3.26754933e-04 3.86121064e-05
 4.82088326e-05 2.06852378e-03 2.91383098e-04 3.09498602e-04
 2.55739084e-04 1.42294951e-02 1.09032076e-03 9.34408978e-04
 7.58781243e-05 3.10918991e-03 1.86972029e-03 1.14587415e-02
 2.37401226e-04 1.69527007e-03 1.59630290e-04 9.89562646e-03
 2.41853343e-03 1.15887204e-03 9.68042947e-03 1.05443942e-04
 1.83937707e-04 7.02558667e-04 9.18499951e-04 2.04065786e-04
 2.26990948e-03 2.33294399e-04 7.17100513e-04 7.65083358e-03
 2.05055330e-04 3.18620843e-03 3.57872079e-04 4.75402139e-02
 6.11257507e-04 2.69642286e-02 2.28197314e-02 2.88810290e-04
 2.48630601e-03 1.22570095e-03 6.30396768e-04 7.60222611e-04
 5.62798930e-03 6.43882249e-03 4.15838696e-03 9.18040110e-04
 4.94218315e-04 7.92677674e-05 1.98550802e-03 1.65486097e-04
 3.06666509e-04 1.90336946e-02 4.30142926e-03 1.41546654e-03
 1.89531641e-03 2.13763211e-03 1.24474233e-02 2.32514576e-03
 1.35163334e-03 1.68771967e-02 6.47700205e-03 5.75964455e-04
 8.77819548e-04 1.08784565e-03 2.06448813e-03 2.64609279e-03
 1.75974361e-04 5.20945003e-04 6.13698140e-02 8.16314574e-03
 6.26039924e-04 1.54725544e-03 7.42475241e-02 2.14955639e-02
 5.55673869e-05 9.50855465e-05 4.88003454e-04 3.86531407e-04
 3.05055431e-03 1.81882922e-03 2.26128530e-02 2.27153255e-03
 3.63939616e-04 1.08297027e-04 3.23219749e-04 3.34333999e-05
 3.26901136e-05 2.31888305e-04 6.21806394e-05 1.47224255e-02
 4.52420645e-04 4.51192100e-05 4.07775305e-03 2.60362867e-04
 1.82571574e-04 1.28591573e-03 8.32005031e-03 7.62060704e-03
 3.24709632e-04 3.58692545e-04 9.08029207e-04 4.28189477e-03
 9.77720413e-03 5.66567876e-04 5.50825847e-04 1.87311016e-04
 1.13389797e-04 1.31128880e-04 2.33696228e-05 1.09504093e-03
 9.08111106e-04 1.51924047e-04 1.80030998e-04 6.45055916e-05
 4.15789167e-04 4.74905355e-05 2.98781990e-04 3.80767626e-04
 3.94541508e-04 5.36430511e-04 5.02853596e-04 4.22337151e-04
 2.11295610e-05 1.11954578e-03 2.15996086e-04 2.80806515e-03
 3.45126347e-04 3.67654604e-04 1.45781809e-03 2.09732959e-03
 1.37745883e-04 5.12565137e-04 2.88987590e-04 3.01574124e-03
 1.86300173e-03 1.76038302e-04 1.57731504e-03 5.40215289e-03
 1.08422362e-03 1.87929472e-04 4.80265496e-03 1.12243870e-03
 4.69749997e-04 1.65218732e-03 2.79781962e-04 6.09970630e-05
 5.42990922e-04 1.00925530e-03 4.77766996e-04 4.21815726e-04
 3.14280682e-04 6.53331692e-04 4.67654644e-03 3.85843986e-03
 5.69171330e-04 1.42070581e-03 1.11034125e-04 2.86201448e-05
 6.84639599e-05 3.42762105e-05 1.08866938e-04 4.84214761e-05
 1.38617284e-03 3.02622375e-05 1.64107894e-06 1.61417374e-05
 1.83443684e-04 1.26702813e-04 7.16169097e-06 1.82389835e-04
 2.11561910e-05 2.39787710e-06 1.21774319e-05 7.40142132e-04
 3.96200703e-05 6.22878142e-05 1.54270583e-05 1.20813937e-04
 5.00787108e-04 1.51701597e-05 2.68142912e-06 9.38611120e-05
 8.78929219e-04 1.49498897e-04 2.97169288e-04 4.36730508e-04
 1.99957285e-05 7.63980861e-05 4.68498154e-04 1.08761880e-04
 1.43010475e-04 7.64285913e-04 4.62107797e-04 1.43867626e-03
 5.56315490e-06 6.64062565e-04 8.67869239e-03 3.37665930e-04
 2.07136408e-03 1.60869342e-04 5.51080811e-05 8.12378945e-04
 1.81975532e-02 1.20433711e-03 5.91826886e-02 6.13409211e-04
 2.25969939e-03 2.09084954e-02 2.05214135e-04 8.71001557e-03
 3.20339501e-02 2.98198243e-03 2.54098815e-03 2.12968676e-04
 6.41119806e-03 1.97698129e-03 3.71218543e-03 3.36740352e-03
 9.61050217e-04 8.10358375e-02 7.32635963e-05 1.98289781e-04
 1.63524150e-04 4.06695690e-05 1.24646627e-04 2.99292267e-04
 4.59013827e-04 7.53664717e-05 5.45231560e-05 1.44127160e-04
 1.94653840e-05 2.71284371e-03 2.18758383e-03 4.13669199e-02
 8.51388499e-02 6.15724595e-03 1.90239735e-02 1.93887844e-03
 8.56909249e-03 1.34062185e-03 1.16688246e-02 6.30276790e-03
 1.59347411e-02 3.62032442e-03 3.42046912e-03 1.10881627e-02
 2.92262430e-05 2.74730194e-03 2.73073470e-04 9.33658856e-04
 9.32551047e-04 6.98851561e-03 8.37723445e-03 5.43331131e-02
 1.33081747e-03 8.08677673e-02 1.54990526e-02 5.80658298e-03
 3.91235426e-02 9.07149573e-04 5.51799312e-04 7.88073929e-04
 2.40396429e-03 1.47860910e-05 2.68772133e-02 3.28815319e-02
 7.10729655e-05 1.55278121e-03 7.37275742e-03 5.46465279e-04
 2.73912698e-02 6.27668947e-02 6.59556966e-03 2.44100718e-03
 3.56676825e-03 9.24331229e-03 9.64599603e-04 3.25516611e-03
 4.40005970e-04 2.25283625e-03 8.45625240e-04 2.97358837e-02
 3.80162336e-03 1.12284371e-03 2.66903336e-03 5.78338258e-05
 2.23074597e-03 7.26104845e-05 2.83797435e-03 7.57175381e-04
 6.41255900e-02 1.99404058e-05 1.77303478e-02 1.69391849e-03
 6.10510539e-03 3.09301959e-03 1.20589761e-02 1.62052084e-03
 2.69453631e-05 1.63143538e-02 1.57141015e-02 1.34389419e-02
 2.07757927e-04 5.22343908e-04 1.23699650e-03 8.91410559e-03
 9.62305348e-04 1.19761033e-02 1.71681429e-04 1.03655609e-03
 1.64724905e-02 3.24605359e-03 3.94572038e-03 2.16978695e-03
 2.22163508e-03 1.03528704e-03 5.48465103e-02 8.45244271e-04
 5.08714409e-04 2.45046278e-04 3.70181212e-03 4.02021082e-03
 1.06299110e-02 5.22653107e-03 1.38247702e-02 4.37781634e-03]",308,Rock---Alternative Rock,Rock
/home/ruthu/AMPLab_assignment1/audiofiles/audio_chunks/audio.000/09/09CBtea7lD0P0xgdXXjqFS.mp3,"[5.65916533e-04 8.32875841e-04 3.23359563e-04 1.69693987e-04
 2.05212142e-04 1.90130464e-04 1.10837587e-04 2.61085137e-04
 2.34540872e-04 2.28899633e-04 2.69810809e-03 5.82026514e-05
 3.13385110e-03 5.09753649e-04 3.35280289e-04 4.75096703e-03
 2.14829948e-03 8.54431186e-03 3.61477461e-04 8.95643316e-05
 8.04870651e-05 6.75438496e-04 2.12062650e-06 5.25648102e-06
 5.38042514e-05 1.21354962e-04 1.49687592e-04 3.43617401e-04
 1.28366200e-05 1.87135156e-04 1.25233360e-04 1.97693123e-03
 1.62226297e-05 1.32527866e-05 1.49431216e-04 1.54887268e-04
 2.09712034e-05 7.64152719e-06 1.35282662e-05 1.74944551e-04
 6.49576862e-07 5.30553225e-05 7.17305647e-06 6.41818478e-05
 1.83230572e-04 2.41714934e-05 7.89536571e-05 7.94740394e-04
 8.11281780e-07 8.23864593e-06 1.71936030e-04 3.04200466e-06
 6.69625215e-03 4.99624366e-05 1.76963067e-06 1.09616364e-03
 1.03572052e-06 3.45054868e-05 1.74571571e-04 1.79270264e-05
 1.90212722e-05 7.67790098e-08 1.79728049e-05 3.93501308e-04
 4.00681529e-05 4.59757166e-06 3.36982193e-04 1.44925166e-03
 1.97041500e-05 1.62192300e-04 6.06213871e-04 4.80781418e-05
 2.40794412e-04 4.65705216e-06 4.24972604e-05 3.54373587e-05
 1.39052363e-05 2.10727994e-05 6.90880961e-06 1.06072781e-04
 4.47402556e-07 1.00601201e-05 4.36413757e-05 9.33193769e-06
 2.08188453e-06 7.93452000e-06 4.92698291e-06 3.28017427e-06
 1.54999056e-04 1.34713307e-04 4.01045727e-05 4.91465675e-04
 9.02927241e-06 3.02102080e-06 1.76502872e-05 1.94532131e-05
 7.17560004e-04 3.47190624e-04 5.12110768e-04 8.19221168e-06
 3.56361875e-06 1.73971312e-05 8.66802351e-04 6.94152724e-04
 1.02017420e-05 6.80864978e-05 1.68875213e-05 1.77635942e-04
 4.15064715e-05 1.25856950e-05 1.43843508e-05 1.04585328e-04
 2.16039611e-04 3.82852113e-06 3.22668129e-05 4.81377765e-06
 1.43245438e-06 2.81704451e-05 1.27992016e-05 1.98916814e-06
 2.13192084e-06 5.69387566e-07 1.54966910e-04 3.95148381e-05
 1.46067828e-06 4.12479648e-03 1.77844631e-05 8.52024023e-05
 8.37363586e-06 2.90869939e-04 4.10826542e-05 2.38237699e-05
 3.55694319e-05 8.38646374e-05 3.51299946e-06 2.02425959e-04
 1.35686832e-05 1.40349555e-03 3.55509226e-03 1.23982923e-03
 2.11135088e-03 1.00967991e-05 3.24441842e-03 2.81488411e-02
 6.80571364e-04 2.51138059e-04 1.87205318e-02 5.81317581e-03
 2.21696147e-03 1.22698417e-04 2.69579468e-04 2.31055431e-02
 1.20914134e-04 2.82786973e-03 1.94983542e-04 1.24245393e-03
 1.29520714e-01 3.26624263e-06 7.23145495e-04 2.03152042e-04
 5.33196144e-05 8.29644781e-03 5.89332078e-04 4.46421234e-03
 2.71473359e-03 9.23829852e-04 1.30141838e-04 7.14571634e-03
 2.35070649e-04 1.59272980e-02 4.83984780e-03 4.53960529e-04
 9.24492269e-06 9.17299622e-05 4.09219693e-03 1.58615168e-02
 3.01887114e-02 2.78406101e-03 2.14617285e-06 6.10239022e-06
 1.93749274e-05 3.77451920e-06 1.68260540e-05 8.27873191e-06
 3.04317764e-05 6.74816590e-07 3.81486825e-05 1.24325539e-04
 4.27634441e-05 3.04141918e-06 8.85642567e-06 4.52046916e-05
 3.83441147e-05 1.05798053e-05 3.22999076e-05 4.35569345e-05
 7.57199132e-07 1.07659558e-04 1.30527900e-04 3.95839161e-05
 1.11847510e-06 5.03967067e-06 7.55584415e-06 1.14822084e-04
 2.14005759e-05 2.85838381e-03 1.72608299e-03 3.11574346e-04
 7.11665023e-03 8.84950976e-04 1.11598307e-02 7.35082198e-04
 1.21209293e-03 8.16209055e-03 1.28221154e-01 1.43320605e-04
 1.04044178e-04 4.10290115e-04 8.27717828e-04 3.04787507e-04
 4.25336091e-03 1.47994433e-03 1.13593210e-02 2.93477380e-04
 1.67239879e-04 4.14856523e-02 3.31681361e-03 2.26097368e-03
 6.37467066e-03 1.72118563e-02 3.01989471e-03 8.34718885e-05
 7.07936197e-05 2.83002155e-04 4.07706462e-02 3.68707138e-03
 7.57405767e-03 3.08645377e-03 2.95124901e-03 2.54974095e-03
 4.30222834e-04 3.73465242e-03 3.03067209e-04 1.18375802e-03
 7.92498176e-04 1.46851598e-04 2.64154864e-04 8.22074898e-03
 1.44659809e-03 6.22976432e-03 4.29139752e-03 8.49174988e-03
 6.29065209e-04 1.13508533e-04 4.45363752e-04 9.08494368e-03
 6.96350689e-05 1.99145079e-03 8.43372778e-04 2.78394087e-03
 6.69838686e-04 4.75119508e-04 3.15413415e-03 6.19138475e-04
 7.37793234e-05 1.72717686e-04 1.33175473e-03 6.52922201e-04
 2.83860063e-05 2.73667811e-05 1.63016812e-04 1.51992890e-05
 1.65404257e-04 6.36675686e-05 1.45925209e-03 5.99936757e-04
 7.42176126e-05 2.84348585e-04 2.94384584e-02 2.74429185e-04
 1.75559074e-02 4.86074341e-03 3.79942903e-05 1.70125836e-03
 3.35399876e-04 7.78252215e-05 1.41913488e-05 6.02571014e-03
 4.86343680e-03 4.70114965e-03 1.36597464e-02 1.26301087e-02
 3.19060609e-02 3.60570699e-02 4.56671380e-02 1.16872520e-03
 7.40452437e-03 9.35269799e-03 2.91303237e-04 5.04736863e-02
 5.34215719e-02 3.81186157e-02 2.52707880e-02 6.28544092e-02
 2.70437729e-03 6.06137095e-04 9.65837738e-04 3.46666464e-04
 4.85269062e-04 1.03518119e-04 4.29778796e-04 2.57756881e-07
 3.75277916e-04 2.31064577e-02 2.51577490e-06 1.94788806e-03
 2.33180705e-04 4.33697691e-03 8.89482635e-06 2.56976788e-03
 2.92291543e-06 2.09445329e-06 3.34168817e-06 8.10517918e-07
 6.07019430e-08 9.91136208e-03 4.92210916e-07 1.32337545e-05
 8.70774420e-06 2.15191794e-05 5.57119492e-04 3.97357417e-06
 2.27351277e-03 1.16404550e-07 7.18894822e-04 1.91193307e-03
 1.14658207e-03 2.32103212e-05 1.18513626e-05 1.27828400e-06
 5.59503787e-05 2.45040483e-05 1.05161709e-03 1.18439173e-04
 4.46428858e-05 1.93001790e-04 8.14010673e-06 3.60457343e-04
 5.14931489e-05 1.10232532e-02 9.89024375e-06 2.33581929e-07
 1.17712761e-05 3.33820662e-06 1.03770038e-02 1.53365436e-05
 6.94345916e-04 3.03351590e-05 2.89708150e-05 7.60801458e-06
 6.81440633e-06 1.39876895e-04 2.90290336e-03 2.33434461e-04
 5.87676316e-02 4.18875861e-05 1.49694017e-06 3.33797493e-06
 2.08774878e-07 6.07678230e-05 1.85354190e-06 3.43079912e-04
 1.69663308e-05 2.63573695e-03 9.35295884e-06 5.83280670e-03
 1.07366272e-04 1.05679559e-03 2.11571320e-03 1.24853486e-02
 5.36248600e-03 2.31586409e-06 2.96817441e-02 6.54372855e-07
 1.18924500e-02 1.50723825e-03 3.62876774e-04 4.42238343e-06
 5.09986457e-05 5.07116131e-03 1.90373685e-03 1.62948675e-06
 7.63564822e-06 1.22778015e-02 1.10862629e-06 2.33958405e-03
 7.61932647e-03 1.70130481e-03 7.87954498e-03 2.00513490e-02]",156,"Folk, World, & Country---Polka","Folk, World, & Country"
/home/ruthu/AMPLab_assignment1/audiofiles/audio_chunks/audio.000/5H/5HhiifrwxL9U1oc8TUJGu1.mp3,"[1.47642219e-04 1.34254918e-02 1.27022053e-04 4.06286592e-04
 6.12681080e-03 2.82684388e-03 1.88537961e-04 6.26408088e-04
 6.81763934e-03 5.91311327e-05 3.18320352e-03 1.36945676e-03
 1.03245084e-05 1.68982107e-04 7.11443281e-05 1.57392898e-03
 1.20474630e-04 3.94867442e-04 7.90960985e-06 4.19650954e-04
 3.20408551e-04 1.35032006e-03 1.59635965e-06 6.91041278e-05
 9.32603070e-05 5.69385302e-04 1.30740582e-05 1.98495327e-04
 3.50382143e-05 1.51828563e-05 2.37834174e-05 3.33577627e-04
 7.89690894e-05 7.61630436e-05 5.91121381e-04 1.92487857e-03
 7.61363253e-07 1.56660576e-06 1.50673045e-03 3.58176505e-04
 1.94231416e-06 4.81869029e-05 7.97114717e-06 1.82423391e-04
 1.51320510e-05 1.38857049e-05 2.28394405e-04 9.44820116e-04
 5.33184866e-05 4.14140988e-03 6.11270007e-05 5.20548338e-06
 2.83368910e-03 3.88829612e-05 6.89938076e-07 7.88053556e-04
 1.85367935e-05 1.81633786e-05 3.73640709e-04 3.83351971e-06
 4.51675032e-06 1.24512951e-06 1.46093254e-03 3.67123913e-03
 1.37612205e-05 1.37410498e-05 1.38942662e-04 5.74428996e-04
 2.29125973e-04 3.63248910e-05 2.14779889e-03 1.37774763e-03
 1.19256802e-04 1.36304216e-05 8.74451580e-05 3.72728095e-06
 2.48814899e-07 3.73181911e-06 9.64208812e-06 4.91775018e-06
 2.01244646e-07 7.56499639e-06 7.49240498e-05 2.69839020e-05
 5.27200336e-06 1.91035870e-05 5.40986039e-05 2.53009148e-06
 1.04529329e-03 2.53134756e-04 3.26582725e-04 2.07774411e-03
 6.21973095e-06 4.08186906e-06 1.35092076e-03 5.72348908e-05
 7.49548955e-04 2.47933815e-04 1.70191401e-03 8.08274876e-07
 9.30709211e-06 1.13499646e-05 4.34796442e-04 3.89444234e-04
 2.64760529e-05 4.55816044e-04 9.67882715e-06 8.52977391e-04
 2.08714599e-04 2.59841123e-04 3.89111839e-04 8.64289817e-04
 1.35171190e-02 5.98962433e-05 1.24409315e-04 2.66642928e-05
 9.69431881e-07 1.22370620e-05 5.93263258e-06 7.06306582e-06
 2.50782068e-05 1.15013108e-05 6.21159270e-05 1.84461737e-06
 6.98173926e-06 7.07332864e-02 6.22386811e-04 5.64429101e-05
 1.31795614e-05 7.59556482e-04 1.55830712e-04 5.94525656e-04
 3.99070159e-05 4.03738122e-05 5.24853613e-06 3.41112263e-06
 4.92958825e-05 5.22884402e-05 7.81795883e-04 3.36574065e-03
 5.97546401e-04 4.52029963e-05 3.70925758e-03 4.75531397e-03
 3.26877998e-05 5.27021650e-04 2.42122076e-03 2.92078475e-03
 9.63058937e-06 8.90030424e-06 3.33936223e-05 1.69588358e-03
 1.28570045e-05 4.01255238e-04 8.29287746e-05 9.37796995e-06
 3.97813747e-05 5.59679829e-05 1.55808284e-05 1.47301607e-05
 1.79525130e-04 1.61395801e-05 6.37385965e-05 1.20084034e-03
 3.74886586e-05 1.31461362e-03 7.36750197e-04 3.15034087e-03
 6.87779539e-05 1.38962986e-02 3.08220251e-03 8.62983870e-04
 4.38708067e-03 4.51993011e-03 5.89884818e-04 5.91308903e-03
 2.51556970e-02 6.46228669e-04 1.08812071e-06 9.25590757e-06
 1.44593178e-05 5.55605977e-04 2.73425326e-06 3.12123325e-06
 1.58446797e-04 2.21704681e-06 1.32649002e-04 7.92547216e-05
 1.34586415e-04 2.44572093e-05 6.22264051e-05 8.29941928e-06
 7.55954024e-05 4.79258197e-05 1.20576206e-05 7.68305254e-05
 3.36913581e-05 1.73436676e-03 1.32820292e-04 1.92832842e-03
 1.13231636e-06 1.43400330e-05 1.42494832e-06 1.38014011e-05
 1.44717505e-05 8.19961599e-04 2.50772027e-05 4.59459523e-04
 1.47173545e-04 4.14644492e-05 1.72691449e-04 1.30304671e-03
 2.41471629e-04 5.97821236e-05 4.14355600e-04 1.91338564e-04
 1.94119159e-04 3.55396280e-03 3.31887277e-05 9.97938696e-06
 3.91930854e-03 3.98561358e-03 6.30532857e-04 4.63608376e-05
 1.60078649e-04 1.25914148e-05 6.50674279e-04 5.80710243e-04
 2.20085334e-04 4.44317469e-04 7.40909483e-04 3.86211614e-05
 2.85158952e-04 2.58439673e-06 4.32437868e-04 1.14555813e-04
 3.85070016e-04 2.17089928e-05 1.80324641e-04 1.34671631e-04
 1.14586808e-04 7.95112501e-05 1.18723496e-04 2.00692102e-05
 1.00061290e-04 2.27811483e-06 4.84476914e-06 1.70696015e-03
 7.79748487e-04 2.22560222e-04 5.69493113e-06 5.77853607e-05
 1.89135069e-04 3.35591176e-05 2.09931500e-07 6.87443826e-05
 4.15531395e-05 5.58052794e-04 1.07847631e-03 2.92896904e-04
 1.14995550e-04 3.99846357e-07 4.21497425e-05 5.54253720e-03
 7.38319704e-06 1.31140505e-05 1.89916894e-03 8.34795646e-05
 3.71089823e-06 2.01969506e-05 1.56274647e-03 1.20958115e-03
 4.34762769e-04 7.12410747e-06 2.27099401e-04 9.90372355e-05
 2.48089526e-03 1.94530803e-04 5.67160267e-03 2.43420091e-05
 5.05203789e-04 8.40198621e-03 1.59706839e-03 6.01644162e-04
 1.47412671e-03 3.79982498e-03 9.89600885e-05 2.09578685e-02
 7.65860241e-05 1.36543284e-04 8.12820438e-03 2.39026025e-02
 3.42226820e-04 7.92976376e-03 4.84676770e-04 2.10483646e-04
 2.68088235e-03 3.37584817e-04 2.80669716e-04 1.32945587e-03
 1.26979582e-03 2.68173986e-04 1.45215963e-04 7.81098008e-03
 9.94157890e-05 6.18301071e-02 1.67722953e-03 1.33780262e-03
 7.72083402e-02 7.74032399e-02 1.84583664e-02 1.63627483e-04
 9.89891472e-04 4.18133242e-03 1.86418765e-03 4.33790311e-02
 5.23254601e-03 5.35471924e-02 6.88236114e-03 1.37462579e-02
 1.64999874e-04 1.13022362e-03 5.21431457e-06 1.31658744e-02
 2.90514399e-05 1.69088924e-03 2.14493368e-03 3.66643100e-04
 2.12283820e-04 3.06162331e-03 2.56924168e-03 6.92791073e-04
 1.24038560e-02 8.63688838e-05 2.62554884e-02 1.89178903e-02
 2.85449661e-02 2.62277499e-05 2.77180448e-02 7.80644920e-03
 2.47189892e-04 5.40991081e-03 6.13204949e-02 4.77167638e-03
 4.69417088e-02 2.65900604e-02 1.70550914e-03 1.52536400e-03
 1.47916505e-03 1.06850779e-03 7.38856834e-05 6.64947802e-05
 1.25001674e-03 3.65085361e-05 2.72720288e-02 2.65911600e-04
 5.47778271e-02 7.87785219e-04 7.13247980e-04 3.66358930e-04
 1.18216332e-04 9.19055380e-03 5.55422828e-02 5.84443798e-03
 2.83006489e-01 5.79334555e-05 1.80109695e-04 3.67676723e-04
 5.40348374e-05 3.71770561e-03 4.61851154e-03 2.28253081e-02
 1.33268859e-05 1.87364202e-02 7.60767376e-04 9.08541959e-03
 1.41123645e-02 8.33264086e-03 4.86736149e-02 4.88570221e-02
 4.59010340e-03 5.20987320e-04 2.48431675e-02 3.38212820e-04
 2.50753202e-02 4.02608402e-02 4.57447348e-03 5.47668431e-03
 8.37260275e-04 2.51230784e-03 1.14252549e-02 6.10138231e-05
 4.55269124e-03 9.03543318e-04 1.02094444e-03 7.78750051e-04
 2.24346435e-03 1.10077858e-03 8.68620630e-03 5.26705058e-03]",364,Rock---Pop Rock,Rock
/home/ruthu/AMPLab_assignment1/audiofiles/audio_chunks/audio.000/5H/5Hm2snUa871PI8kubcAILe.mp3,"[2.09439349e-06 6.65348052e-05 1.97988749e-03 6.82233018e-04
 9.21288956e-05 1.20600133e-04 1.37193535e-06 1.86495060e-06
 2.12407031e-04 3.10158539e-05 6.11020077e-05 1.51747154e-04
 3.91902086e-06 6.22366206e-04 3.49782613e-06 3.35782766e-04
 1.80922230e-04 3.07250535e-04 2.23561310e-05 8.46012995e-07
 8.40737994e-06 8.54337304e-06 1.63278014e-06 7.17278745e-05
 6.79094910e-06 1.08807428e-04 1.47849860e-05 9.12581381e-05
 5.55626741e-07 6.27372947e-06 7.72316616e-06 1.81442840e-04
 8.22007769e-06 5.22257287e-05 5.82334360e-05 1.49014080e-03
 7.98156179e-06 4.82385040e-05 5.53424688e-05 6.72793656e-04
 8.60308205e-07 5.10400394e-04 2.55514715e-05 2.49037228e-04
 3.65599932e-04 2.88631360e-04 6.06518297e-04 8.67824443e-03
 3.15091820e-05 1.04355894e-03 3.89965833e-04 8.10488473e-06
 5.60973713e-04 1.54206276e-01 1.17067557e-05 2.59464048e-03
 2.30127062e-05 1.11590279e-03 1.96443551e-04 1.88809026e-05
 3.25164699e-04 5.08039477e-08 4.45697573e-04 7.18133431e-03
 9.13867902e-04 1.92855892e-04 1.20673971e-02 1.15575930e-02
 1.23604725e-04 1.34496493e-02 1.58211697e-04 4.96775960e-04
 1.55425951e-04 1.00001207e-05 4.78770089e-05 5.74273981e-05
 1.43333136e-05 1.07046137e-04 3.45599328e-05 4.40961921e-05
 2.01071643e-07 3.57635482e-03 1.84141929e-04 1.35159527e-04
 1.58862022e-05 1.21125986e-03 9.66688967e-05 2.76853505e-04
 5.29846817e-04 6.26249239e-04 5.46364929e-04 9.40360874e-03
 2.40791182e-04 2.62852359e-06 4.71433799e-04 5.59292850e-04
 2.44849920e-03 2.85502546e-03 2.70462420e-04 8.70873282e-06
 1.27003106e-04 4.90578786e-05 1.33220688e-03 1.57276882e-04
 6.35543765e-05 4.82941869e-05 6.86532530e-06 9.00029700e-05
 3.49486254e-06 1.24612346e-03 1.40732166e-03 1.07399159e-04
 6.35314384e-04 8.46202693e-06 8.07995035e-04 5.92544420e-05
 4.48366200e-06 5.58685279e-04 9.19502636e-05 1.58085313e-04
 2.83286636e-06 6.97343012e-06 1.22074641e-06 4.37660492e-04
 2.03164655e-05 9.78267100e-03 5.52450249e-04 4.73204564e-04
 2.74002436e-04 8.73346697e-04 1.46875705e-03 1.46953505e-04
 8.48500873e-04 6.97024050e-04 5.40476409e-04 2.94221070e-04
 4.51825435e-05 1.60045583e-05 1.50237456e-02 3.93131522e-05
 2.83112749e-04 5.14822641e-05 5.00155240e-02 1.38748270e-02
 3.27669004e-05 2.60901451e-03 1.63296442e-02 5.40735293e-03
 4.52957829e-06 9.97387997e-06 1.68723083e-04 3.21328104e-03
 1.69652965e-04 3.81394960e-02 5.04003512e-03 9.41100443e-05
 1.54642403e-04 1.61303597e-05 1.82506454e-04 1.58191706e-05
 8.83045004e-07 6.32157316e-05 1.55403759e-04 8.79177079e-03
 6.21073468e-06 5.70218945e-05 1.08462421e-03 5.60267472e-05
 2.65121207e-06 8.04425508e-05 4.98286798e-04 7.94657331e-04
 6.82661994e-05 1.42033259e-05 3.08548042e-05 2.72395755e-05
 3.77199351e-04 1.14251037e-04 3.86313133e-08 7.50379650e-06
 1.39589480e-04 3.20323816e-05 1.89616167e-05 4.16524817e-05
 1.89208586e-04 2.77369181e-05 5.66632261e-05 4.08070155e-05
 8.17274617e-04 4.57466267e-05 3.46703091e-05 1.53796369e-04
 2.20675884e-05 3.73790281e-05 3.67847351e-05 7.79815833e-04
 1.31476997e-06 2.14119703e-02 6.84050610e-04 4.51735221e-04
 3.52956849e-04 4.74312183e-05 9.28268055e-05 5.20295755e-04
 4.84543052e-05 1.38087398e-05 8.68219922e-06 4.36431619e-05
 4.48147784e-06 2.45095066e-06 2.06077995e-04 2.14802116e-04
 3.45467233e-05 1.40161783e-05 5.72401215e-04 9.14030716e-06
 5.07920367e-06 4.90699931e-05 3.71062197e-05 7.90932802e-07
 1.44335263e-05 1.33814523e-04 1.63871169e-04 1.85349438e-06
 2.19005574e-06 7.67757301e-05 5.31262369e-04 6.99878510e-05
 7.80347546e-06 1.14149443e-04 1.97929803e-05 6.61474360e-07
 4.46070089e-06 3.70477064e-05 1.14142153e-04 1.74883626e-05
 1.44772814e-04 4.33239402e-05 1.32176618e-04 6.21446816e-07
 8.96078654e-06 3.69221583e-04 6.83487883e-07 3.64430548e-06
 1.72619718e-06 2.57107990e-06 8.28316388e-07 1.39284630e-05
 4.08500573e-03 5.85590351e-06 6.68339453e-06 4.57464648e-06
 2.39636734e-04 3.35809123e-03 1.79421545e-06 6.38998390e-05
 1.97876897e-02 4.82609001e-04 8.76256818e-05 5.09497258e-05
 5.03580986e-06 3.26293093e-06 1.24040095e-03 8.43527523e-05
 4.51831656e-05 8.59166030e-05 1.52451694e-02 3.64402629e-04
 3.98682403e-07 9.69389803e-05 3.09116463e-03 1.14406459e-04
 2.03032338e-04 4.21432333e-06 2.19350059e-05 4.07830521e-04
 3.11946515e-02 8.50940589e-04 5.09775542e-02 2.09101127e-04
 3.99461202e-03 1.60283074e-02 8.24388189e-06 2.13648044e-02
 2.05681249e-02 1.99920963e-02 2.08478654e-03 2.78842945e-05
 1.38934905e-04 2.08495604e-03 3.65361781e-03 3.43381874e-02
 3.06334067e-03 3.32209207e-02 1.06377578e-04 1.20270633e-04
 3.96898860e-04 7.89820842e-05 1.76335583e-04 3.33419233e-03
 2.71592266e-03 1.00853395e-04 2.21887603e-04 1.78402662e-03
 1.94523513e-04 1.12315139e-03 2.55112973e-04 7.68281594e-02
 9.54662263e-02 3.38004576e-03 6.17497717e-04 2.33407900e-05
 2.36044161e-05 6.84997067e-05 3.64098669e-05 5.87960763e-04
 1.06740363e-01 3.33219464e-03 1.13602342e-04 2.18132534e-03
 1.27645413e-04 8.45596733e-05 1.61094135e-06 1.44281279e-04
 1.30658452e-06 7.16625218e-05 1.70416697e-05 1.43896155e-02
 1.94508943e-03 8.72905832e-04 1.74162866e-04 2.32513295e-03
 3.97795327e-02 1.58960381e-06 1.83502794e-04 8.26976320e-04
 8.01532704e-04 6.87785996e-06 1.10904837e-03 8.22470174e-04
 5.62894456e-05 1.17472967e-03 3.66268074e-03 1.20700133e-04
 9.63204890e-04 6.97653070e-02 1.16930238e-03 2.27326513e-04
 1.54279207e-03 3.93916620e-03 2.29411642e-04 3.16054029e-05
 1.06956584e-04 1.27023392e-04 1.53917691e-03 5.34539483e-03
 2.43961462e-03 2.61291898e-05 2.49673649e-05 3.05412436e-06
 1.05858198e-03 1.86642879e-04 3.77398096e-02 4.06312980e-02
 2.96778649e-01 7.16108798e-06 8.11593432e-04 2.63912632e-04
 2.42824590e-05 1.08912494e-03 9.72737762e-05 9.79948975e-03
 2.04934668e-06 5.04938012e-04 5.00372480e-05 1.71132642e-03
 2.24192816e-04 3.09714153e-02 9.03552398e-03 4.72542539e-04
 1.28487987e-03 4.57505602e-03 7.20166042e-03 2.22633444e-05
 5.02981097e-02 2.49719783e-03 7.63958262e-04 2.38863813e-05
 4.22426296e-04 1.88760308e-03 4.10275767e-04 8.31662305e-07
 7.09583401e-05 3.72673640e-05 6.67149943e-05 2.02036354e-05
 3.08057759e-03 1.01192083e-04 7.26844091e-03 6.78805285e-04]",364,Rock---Pop Rock,Rock
/home/ruthu/AMPLab_assignment1/audiofiles/audio_chunks/audio.000/5f/5fv6D0K26CX9K9nedeGUX1.mp3,"[2.65255267e-07 1.54101258e-06 1.67072911e-04 5.37383266e-06
 1.59047540e-05 2.45730371e-05 2.90222442e-06 5.64445236e-06
 2.33248593e-05 6.57088049e-06 3.37549223e-04 5.57619069e-06
 4.18015998e-06 1.35706887e-06 2.76712456e-07 4.36798746e-06
 3.96169962e-05 2.33525880e-05 2.50215589e-06 9.13461861e-07
 2.08713845e-05 2.67946016e-05 8.32217324e-07 6.30402519e-06
 5.45424064e-06 2.18818186e-05 4.23572510e-06 4.55680993e-06
 3.67182429e-06 4.33298965e-06 1.78862888e-06 7.21627148e-04
 2.84870803e-05 1.18669877e-05 1.78892922e-04 1.84595888e-03
 1.80561969e-04 2.16077588e-05 1.50862943e-05 4.34846414e-04
 7.08460618e-07 6.87356922e-04 7.92728824e-05 4.49176558e-04
 7.70517101e-04 3.20206047e-03 1.02380036e-04 7.53033860e-03
 3.57360150e-05 1.36124436e-04 8.70495278e-04 1.80943989e-05
 4.50711726e-04 6.50194925e-05 1.42940635e-05 3.39441258e-03
 2.06810109e-05 7.77068373e-04 1.97155648e-04 3.49314396e-05
 8.58397456e-04 5.20261722e-07 1.02819809e-04 9.39137302e-03
 1.70659402e-03 4.43448313e-04 3.02278466e-04 8.53958845e-05
 5.45546820e-04 8.94992962e-04 2.81208847e-03 8.13778373e-04
 2.42762297e-04 6.87797947e-05 2.57367850e-04 2.65696290e-04
 6.25926550e-05 5.96645463e-04 7.51073912e-06 1.14407728e-03
 5.24924435e-05 4.44555553e-05 1.34265458e-04 5.01927352e-05
 1.68929237e-05 9.14850243e-05 1.48722742e-04 6.40626822e-05
 1.88583163e-05 7.28901522e-03 1.17844553e-03 5.35536231e-03
 2.65830924e-04 1.45075159e-04 1.31231354e-04 6.93653828e-06
 4.02151672e-05 4.81180614e-05 1.10139481e-04 4.95722168e-04
 3.81435966e-05 2.03073898e-04 1.96442794e-04 5.04282711e-04
 2.67795622e-05 6.03078661e-05 1.59741357e-05 2.08797810e-05
 7.97494613e-06 7.25186401e-05 1.68247396e-04 4.33034802e-05
 3.22206615e-04 6.00799394e-05 6.05287496e-04 1.06892048e-05
 1.25276192e-05 4.69286839e-04 1.54175883e-04 1.58898129e-05
 5.61785964e-05 3.13861028e-06 9.65774871e-06 3.65268701e-04
 2.60700308e-05 5.19920001e-03 1.96770343e-04 7.92490246e-05
 2.04634871e-05 2.52783357e-04 6.02658256e-04 7.72764615e-05
 1.57887596e-04 1.00745726e-03 5.02553128e-04 8.99050385e-04
 7.06365914e-04 9.16051431e-05 2.32864568e-05 2.23933114e-07
 2.01924908e-04 6.10109169e-07 3.85313069e-05 3.39956132e-05
 1.15371377e-05 5.13738269e-05 2.58972490e-04 1.02017548e-04
 2.81304383e-05 1.61185156e-07 1.52159584e-04 6.59190221e-07
 2.35918138e-04 2.34224164e-04 3.67918983e-05 4.63188662e-05
 1.18719953e-07 6.39736885e-04 1.42242534e-05 2.52377558e-05
 1.19675587e-06 3.03232184e-07 1.07990119e-04 1.03635903e-04
 7.80788250e-05 3.07087845e-04 3.52537371e-02 2.47428427e-04
 1.35141148e-04 2.10129819e-03 3.94479051e-04 1.60116479e-02
 7.38726230e-04 2.12375875e-04 3.56960692e-04 5.83609333e-03
 6.37866091e-03 4.06519801e-04 3.00206302e-04 3.80853121e-03
 7.03711947e-03 8.36241990e-02 1.41585951e-05 2.19436958e-02
 3.28997895e-02 1.79086141e-02 9.16597142e-04 7.25037593e-04
 3.02677834e-03 4.41632681e-02 3.96276206e-01 1.47299925e-02
 3.00731827e-02 1.18223011e-01 4.16760799e-03 8.01182818e-03
 6.88237487e-04 4.92723510e-02 7.48111168e-03 6.39506727e-02
 1.32736474e-01 6.79503381e-02 2.84796767e-02 3.69037641e-03
 1.26428175e-04 5.33350430e-06 1.79541403e-05 3.17204685e-05
 5.49349807e-06 3.84317445e-06 1.71320033e-04 1.10123910e-04
 3.15828074e-05 2.64391747e-06 3.96368050e-05 2.50552712e-05
 1.55997041e-05 7.25470818e-05 1.00222014e-05 2.06267373e-06
 1.76974732e-04 7.16353170e-05 8.71489319e-05 1.25671822e-05
 3.27519069e-06 8.04837327e-06 2.83904054e-04 9.80381374e-05
 1.64345129e-05 1.32230916e-05 2.49988552e-05 7.95410415e-06
 2.66022125e-05 4.60896928e-07 4.26912775e-05 1.89255643e-05
 3.40879516e-04 2.18216483e-05 6.77997718e-07 1.89502839e-06
 1.35101172e-05 6.28369817e-05 1.38708708e-06 4.06336512e-05
 1.86663954e-06 3.46235038e-06 2.46109153e-07 3.65899963e-04
 2.81792345e-05 1.66553980e-06 5.58619868e-05 1.67919507e-06
 1.84738406e-06 5.62434216e-05 3.07735405e-07 4.31547733e-06
 7.35152792e-03 4.97496512e-05 1.71559135e-04 3.11296491e-04
 9.50196136e-06 3.20645131e-06 1.31539651e-04 1.72797400e-06
 6.91863124e-06 3.15073376e-05 2.95630831e-04 7.82546122e-05
 9.41736744e-07 5.12539118e-05 2.31331855e-04 7.07182323e-07
 1.12119109e-04 5.97500002e-05 2.56269686e-06 1.58969833e-05
 1.30108514e-04 2.10957165e-04 3.78693547e-03 2.50624551e-04
 8.22797592e-04 6.24512555e-04 7.64380457e-05 5.99148218e-04
 9.39353078e-04 1.05965147e-02 6.84108138e-02 2.15971653e-04
 2.15457185e-04 3.93580603e-06 2.12598272e-04 7.41387659e-04
 1.61680407e-04 2.08694278e-03 9.06632704e-06 1.01424579e-03
 1.29687192e-04 2.04971802e-04 9.22673033e-04 8.39753542e-04
 7.26705417e-04 1.80003044e-05 1.73323890e-04 2.52145292e-05
 2.56106068e-05 7.58559763e-05 6.16524630e-05 3.29349306e-04
 4.24052216e-03 6.29934075e-05 1.32578338e-04 1.90741071e-06
 1.21913086e-04 6.42764426e-05 1.76247177e-05 5.42303351e-05
 2.49446253e-03 1.52691846e-05 8.75447768e-06 3.14746430e-05
 1.81817211e-06 3.75785108e-04 1.53554392e-05 1.81806390e-05
 2.22020117e-06 2.10894541e-05 4.54968467e-05 2.19687558e-04
 5.70281874e-04 4.71331914e-05 2.56910513e-04 8.51765617e-06
 1.01817146e-04 4.23452911e-06 1.04111146e-04 4.16274670e-05
 3.88223525e-05 1.56024623e-06 8.44680908e-05 3.90927016e-05
 2.22041308e-06 2.31371247e-04 1.28549087e-04 4.89553131e-05
 3.49711801e-04 8.56666418e-04 4.10295288e-05 3.63398431e-05
 3.36895813e-04 1.20890312e-04 6.59190264e-05 2.04569151e-05
 5.75375407e-06 1.81662017e-05 4.45336736e-05 3.41572522e-05
 1.00894271e-04 1.07234416e-06 6.10979123e-06 2.84194925e-06
 1.06401730e-03 2.41419366e-06 2.55149498e-04 2.21830283e-04
 1.03819382e-03 1.86007890e-06 2.69226784e-05 1.07727428e-04
 1.86200020e-06 1.17892323e-05 1.84550354e-05 1.73346285e-04
 2.09603490e-06 1.83822689e-04 9.88385545e-06 6.20082603e-04
 3.30548710e-06 1.26266957e-06 2.94289232e-04 3.27563903e-05
 3.07585310e-07 6.59257712e-05 1.64497578e-05 5.76649700e-06
 3.09467403e-04 4.24917635e-05 8.20817222e-05 1.47346391e-05
 3.32575619e-05 1.02517923e-04 8.11582286e-05 2.98034001e-06
 7.21861807e-06 5.87234638e-07 1.26548375e-05 1.29259104e-06
 6.96859206e-05 1.00932826e-04 1.24060898e-03 1.24857586e-04]",190,Hip Hop---Gangsta,Hip Hop
/home/ruthu/AMPLab_assignment1/audiofiles/audio_chunks/audio.000/5f/5FaIah9dnRwC9GdIZXCIbO.mp3,"[3.03798617e-04 4.16742638e-03 4.44378325e-04 6.15253695e-04
 2.16817129e-02 1.39385101e-03 2.15895561e-04 1.36547699e-03
 8.03273544e-02 3.32003110e-04 3.54718487e-03 2.75330674e-02
 4.78548718e-05 2.91183205e-05 2.84009475e-05 1.48240174e-03
 1.89359137e-03 4.99043788e-04 5.40089568e-05 2.15611599e-05
 1.73436143e-04 9.09157190e-03 7.36829361e-06 2.36485474e-04
 6.12822987e-05 2.11665814e-04 2.44686380e-05 1.51454122e-04
 1.68793267e-05 1.01585110e-05 2.28513542e-04 4.51187196e-04
 1.03804283e-04 1.16119540e-04 2.54731043e-03 1.71393156e-03
 2.71566751e-05 1.69173109e-05 1.41971570e-04 8.48506403e-04
 7.19946866e-06 5.33506100e-04 1.22152014e-05 3.49445501e-04
 1.53304252e-04 2.31924118e-04 9.70152323e-05 3.21505195e-03
 8.94128243e-06 6.25999004e-04 9.01288469e-04 1.28416787e-05
 1.03999758e-02 2.65023409e-04 1.33163005e-04 2.85587739e-03
 1.22458014e-05 1.05975734e-04 3.47153051e-04 1.49653824e-05
 4.47931852e-05 7.15410877e-08 1.16048410e-04 2.61615054e-03
 1.51870991e-04 1.43255484e-05 2.73331907e-03 3.98928626e-03
 4.05069150e-04 1.64848869e-03 9.51922149e-04 3.58809368e-03
 3.50228802e-04 1.78709215e-05 4.92324936e-04 2.03525524e-05
 1.27643727e-06 1.35992241e-05 1.82071872e-05 9.94711718e-06
 5.57160320e-07 1.30928747e-04 1.07110958e-04 1.05900559e-04
 1.86525790e-06 1.27015112e-04 2.77930259e-04 2.40425452e-05
 4.13516164e-03 3.65204090e-04 5.76133141e-04 1.01706209e-02
 5.13607774e-05 4.89485501e-06 1.32995992e-04 1.38528168e-03
 2.60565104e-03 1.54835568e-03 1.49727229e-03 4.01255511e-06
 1.42409597e-04 2.58422169e-05 3.78276757e-03 3.14338424e-04
 3.18670427e-05 1.75206020e-04 1.68708393e-05 3.21508385e-04
 1.65714300e-05 4.74601024e-04 3.44621076e-04 1.00517424e-03
 5.00049256e-03 1.79884337e-05 9.61320125e-04 5.16374421e-05
 2.47134922e-05 2.33757921e-04 6.33532618e-05 4.37925337e-05
 2.14508145e-06 1.69882617e-06 4.15804134e-05 2.50363482e-05
 6.09684093e-06 3.68974321e-02 5.31216734e-04 1.95852917e-04
 9.21179890e-05 1.28569582e-03 2.05720076e-03 1.05476749e-04
 3.69530550e-04 4.03953134e-04 5.47144737e-05 2.98491377e-05
 3.35395773e-04 3.57504003e-04 1.31965103e-03 1.05240120e-04
 9.78075084e-04 8.77395432e-05 6.56974223e-03 2.88025010e-02
 6.13044176e-05 3.38879123e-04 2.27519590e-02 2.85695326e-02
 5.00041569e-05 8.19370180e-05 1.38772366e-05 3.40095675e-03
 9.39029633e-06 8.71041091e-04 3.70293099e-04 2.47865828e-04
 1.54640278e-04 2.65540366e-05 3.27272573e-04 6.25795510e-05
 1.31994448e-05 1.52794644e-03 2.16811255e-04 1.45716872e-03
 2.94097903e-04 5.71624376e-03 5.57402382e-03 1.06282476e-02
 2.33359358e-04 1.72506496e-02 2.61316169e-02 5.07687405e-03
 1.67364394e-03 1.05103443e-03 8.65077949e-04 4.70788497e-03
 2.48624906e-02 4.68602288e-04 1.83812494e-06 2.52344344e-05
 1.15863813e-05 3.72434326e-04 1.74454499e-06 1.40092852e-05
 4.41253251e-05 1.95491921e-05 6.57036217e-05 1.53384087e-06
 4.65022422e-05 9.65675208e-05 9.54344796e-05 2.67007108e-05
 3.62915962e-05 1.35205055e-05 1.77236434e-05 6.78935248e-05
 1.29173277e-05 1.39569410e-03 3.35179764e-04 6.09453535e-04
 9.78894059e-06 3.52434872e-05 2.13622716e-05 8.81361266e-05
 8.11085647e-06 1.08183449e-04 2.16796077e-04 7.78240035e-04
 2.86203518e-04 4.66284982e-05 1.00103428e-03 1.67588016e-03
 2.27171302e-04 1.21066834e-04 1.11061032e-03 1.24277707e-04
 1.13665345e-04 1.04845995e-02 7.49372412e-05 2.41335820e-05
 1.72794890e-03 5.50226495e-03 3.47259251e-04 3.57857316e-05
 5.98520564e-05 1.19743709e-04 3.58797959e-03 5.90585812e-04
 8.21326175e-05 8.34752980e-04 7.24892743e-05 1.25116203e-05
 3.75468226e-04 1.66655821e-06 1.44585370e-04 5.41238187e-05
 1.09167350e-03 1.81543855e-05 8.12909275e-06 1.19053686e-04
 1.00362304e-04 3.61298808e-05 1.10557821e-05 2.44630675e-04
 2.70860764e-05 2.42498527e-06 5.84555164e-06 2.94186850e-03
 1.27180840e-03 3.44980275e-04 2.12487794e-05 7.89485814e-04
 8.50653625e-04 6.58269855e-05 2.41703702e-07 2.97392660e-04
 1.87337737e-05 8.60224885e-04 4.05553757e-04 5.31058176e-04
 3.23536078e-05 2.08338338e-06 5.24208182e-04 2.69840966e-04
 1.23097067e-04 1.44659350e-06 3.46373441e-03 8.50654906e-04
 1.33389831e-05 8.09154881e-05 5.60155511e-03 2.72745558e-04
 1.50050691e-04 1.48298815e-04 9.27144010e-03 3.15263146e-03
 1.74140483e-02 1.79211522e-04 4.14885990e-02 7.81711060e-05
 5.49850892e-03 1.07090557e-02 3.62130515e-02 8.05244967e-03
 4.60841833e-03 3.90446279e-03 2.01741676e-03 7.45140994e-03
 4.58132522e-03 1.52637169e-03 5.96600585e-03 1.28685599e-02
 2.40636617e-02 1.13422545e-02 5.98767598e-04 1.83321623e-04
 5.33246202e-04 2.54684594e-04 2.39530869e-04 3.17675807e-03
 9.42542590e-03 1.09435979e-03 3.50635441e-04 4.32551838e-03
 2.48001306e-04 1.40698329e-01 1.58829545e-03 2.49691866e-03
 5.89263774e-02 1.15815833e-01 7.37484684e-03 5.32650620e-06
 1.90115737e-04 2.91510602e-03 1.61450334e-05 7.37611130e-02
 1.87818035e-02 8.95723477e-02 4.67078964e-04 2.77652461e-02
 2.68773329e-05 1.28911372e-04 6.00996418e-06 1.26067214e-04
 2.79044343e-06 1.84864213e-03 5.16388973e-05 1.74752157e-03
 2.13973515e-04 4.71979904e-04 6.05993439e-04 1.14754512e-04
 2.24607121e-02 1.68662280e-06 3.39005678e-03 8.25700350e-03
 1.39832105e-02 2.96750909e-06 5.95147023e-04 2.02435127e-04
 8.38066480e-05 3.59226088e-03 1.06930085e-01 4.43215802e-04
 6.62846211e-03 1.64103527e-02 9.66901280e-05 1.25059322e-03
 1.91155251e-03 2.48473790e-03 1.36998482e-04 2.10218495e-05
 2.42802824e-04 1.81882206e-05 8.45604949e-03 7.28705956e-04
 1.13862716e-02 1.72032960e-04 7.45480429e-05 4.76777905e-06
 2.29885991e-04 5.09719190e-04 1.55554051e-02 6.62211515e-03
 3.53733927e-01 1.36127278e-06 1.94695327e-04 7.53597487e-05
 3.35624145e-06 7.83077674e-04 6.94195216e-04 3.33634987e-02
 6.63433138e-06 2.62322221e-02 2.69327807e-04 1.50001608e-02
 8.97325296e-03 1.04536954e-02 7.14989379e-03 2.46261023e-02
 3.31318798e-03 3.72853334e-04 1.34874126e-02 1.62741726e-05
 1.01527594e-01 5.70027940e-02 1.92153919e-03 7.71683757e-04
 8.31042882e-04 3.17246653e-03 9.30709671e-03 6.14799455e-06
 1.73839901e-04 9.01053834e-04 4.52606109e-05 4.13722992e-05
 2.31881486e-03 6.17600861e-04 5.97540243e-03 3.45035573e-03]",364,Rock---Pop Rock,Rock
/home/ruthu/AMPLab_assignment1/audiofiles/audio_chunks/audio.000/5f/5f0M01XiEUGtW4Z6ErSExQ.mp3,"[3.32644368e-06 7.18764795e-06 3.09551324e-05 7.40062478e-06
 5.18009911e-05 9.11222742e-06 5.26472240e-06 3.50620576e-06
 2.48749449e-04 6.09793860e-05 9.97799070e-05 2.83050281e-06
 6.49505955e-06 1.17471029e-06 4.08226197e-06 2.51068886e-05
 3.45752458e-04 6.32351032e-04 3.35455516e-05 4.08311189e-06
 1.37657335e-04 1.87588012e-04 1.60478317e-04 1.10145402e-05
 1.65025383e-04 1.31598164e-04 1.01966962e-05 2.07539915e-06
 6.07473121e-05 8.90147749e-06 1.33431486e-05 2.20693350e-02
 2.62397830e-03 4.05239058e-04 5.09606441e-03 1.31782308e-01
 7.67494366e-03 1.10862395e-02 2.09969789e-04 2.77818472e-04
 1.02684216e-05 4.59406804e-03 7.32670596e-04 4.91936877e-03
 3.29166092e-02 2.66034901e-01 1.10054035e-02 3.66193149e-03
 2.98190024e-03 9.62873979e-04 1.09713860e-02 1.14368368e-03
 4.41648345e-03 2.34840736e-05 1.06445186e-05 1.40352547e-01
 3.45747831e-04 8.09896179e-03 1.59162690e-03 2.10470892e-03
 2.57028956e-02 1.03874627e-04 5.74351987e-04 1.13501092e-02
 4.88846214e-04 5.55831357e-04 4.24953381e-04 7.05794228e-05
 4.39778232e-05 9.24241103e-05 7.11808950e-02 1.22251324e-02
 8.91685765e-03 5.20014692e-05 1.26022613e-03 1.87186431e-03
 3.29473056e-04 1.67333037e-02 6.70183217e-05 1.17031652e-02
 6.22314122e-03 4.15762071e-04 1.65429647e-05 4.19768403e-05
 7.38406088e-05 4.87375473e-05 1.28512664e-04 6.11523355e-05
 3.83245861e-05 1.21991999e-01 6.74294820e-03 3.17063816e-02
 1.49742290e-02 2.19805795e-03 3.06475529e-04 6.50938528e-05
 2.42492126e-04 1.26071091e-05 2.36934936e-03 1.53547032e-02
 1.51816184e-05 2.16487469e-03 1.36683835e-03 5.91003150e-02
 1.97375921e-05 6.32644631e-03 2.78930203e-03 3.24041292e-04
 2.12764804e-04 4.98654507e-03 5.45400893e-03 3.53797246e-03
 7.10125430e-04 4.00331453e-04 6.19818643e-03 3.95553870e-05
 6.89399138e-04 5.87937364e-04 4.63234232e-04 1.28320840e-04
 1.92461099e-04 3.77883007e-05 6.91285217e-03 2.18951202e-04
 2.76543306e-05 4.80474904e-03 1.22303097e-02 4.51705448e-04
 2.31495767e-04 1.12646306e-02 3.24336288e-04 1.13314856e-02
 1.03768299e-03 7.19389245e-02 1.07729167e-03 1.26399891e-02
 1.29147051e-02 1.01882836e-03 1.36003273e-05 6.55477379e-08
 6.50117217e-05 1.26276723e-06 5.83119618e-05 1.80201823e-05
 7.22530422e-06 1.42495512e-04 4.31694178e-04 1.60122836e-05
 8.41650472e-05 5.78532263e-06 1.54936170e-05 3.35411028e-06
 1.80064642e-04 1.19596070e-05 6.06096692e-05 1.60316413e-04
 1.70035219e-05 1.04148305e-04 1.87244514e-05 2.23741099e-05
 1.82700678e-05 1.75178400e-07 2.44544026e-05 7.82266143e-05
 1.21264008e-03 1.50751858e-03 6.34393422e-03 7.78477755e-04
 1.04878469e-04 3.09800822e-02 2.44080700e-04 2.94477884e-02
 4.32766305e-04 6.43298554e-04 1.02360593e-03 2.98727280e-03
 9.70782619e-03 3.55200573e-05 5.99773448e-05 1.20896371e-02
 4.08509858e-02 3.49160610e-03 4.45342448e-06 3.51892486e-02
 2.36151405e-02 1.81002344e-03 1.08440816e-02 1.35900397e-02
 5.74417971e-03 7.78395450e-03 6.23041904e-03 8.86807032e-03
 6.25628745e-03 1.21643972e-02 3.99623275e-01 3.24276328e-01
 1.41224489e-04 4.07786388e-03 2.07697321e-03 4.61536227e-03
 5.84408222e-03 9.43480118e-04 1.32918898e-02 1.22175381e-01
 5.01842843e-03 4.82733521e-05 2.06109672e-03 7.60876923e-04
 1.50884025e-05 4.27375235e-05 7.14175636e-04 3.14685400e-03
 2.19349924e-04 7.14218822e-06 6.97076975e-05 1.03172043e-03
 1.08114502e-03 5.59430802e-04 7.06627543e-05 1.74213219e-05
 3.19091632e-04 1.33226436e-04 2.96050071e-04 5.80786611e-04
 1.74539629e-04 4.59303510e-06 4.96766705e-04 1.26798090e-03
 2.87343108e-04 1.38384246e-04 6.35347504e-04 4.09844142e-06
 2.57992797e-05 3.96744281e-06 4.69926672e-05 1.38317759e-04
 5.05603617e-04 5.09688425e-06 1.72612914e-07 1.46271095e-05
 9.45056163e-05 3.18122184e-05 9.15954388e-06 9.83616155e-06
 1.39646281e-05 1.06172347e-05 5.26782856e-07 2.00080394e-04
 2.94517904e-05 3.14505769e-06 2.06971745e-05 1.83238353e-05
 4.49233630e-05 7.56363988e-06 7.70544318e-07 2.21065557e-06
 6.88924803e-04 6.18400227e-04 1.92697007e-05 2.06457538e-04
 6.40574262e-06 1.51882091e-06 1.38587726e-04 1.02919762e-06
 1.68783814e-07 6.87622960e-05 7.95006417e-06 2.99005042e-05
 3.23560198e-05 2.49611330e-04 1.83627290e-05 1.78502864e-06
 1.01585792e-04 6.28943162e-05 2.65842414e-06 2.72547391e-06
 7.16626846e-06 2.56020547e-04 1.65670807e-03 1.43234320e-05
 3.24573339e-05 2.28742007e-04 4.67817263e-05 3.29873073e-05
 3.06860940e-03 1.29887869e-03 4.33306501e-04 2.79222095e-05
 1.85842495e-04 4.82361929e-06 1.56421796e-04 3.39410326e-05
 6.12392205e-06 1.57399732e-03 1.87039386e-05 5.92614582e-04
 4.60904732e-04 1.04509039e-04 5.35435975e-04 7.32465414e-04
 1.31125766e-04 1.10980218e-04 2.13786741e-04 7.12863839e-05
 1.67933940e-05 3.25408357e-04 5.66233502e-05 2.17209687e-04
 6.02328870e-03 1.02701688e-05 3.68839188e-04 2.30430869e-05
 8.28225049e-04 2.13283842e-04 1.94975582e-04 2.31625945e-05
 1.48503837e-04 2.22636045e-05 5.62686946e-05 5.53702694e-06
 3.53590758e-06 3.11392250e-05 3.47925707e-05 1.58232651e-05
 1.26710256e-05 1.57133345e-05 1.54980298e-05 6.92366913e-04
 1.44205836e-03 1.00222742e-03 8.39234446e-04 9.36036759e-06
 2.66249146e-04 7.38482686e-06 1.75356341e-04 6.47408160e-05
 8.06294702e-06 2.76886976e-06 6.99528900e-05 1.25751249e-05
 3.48614776e-05 1.18028576e-04 2.98993400e-05 3.55277909e-04
 6.71538146e-05 2.41912948e-03 4.03734775e-05 1.25075725e-03
 5.41646499e-03 1.13169593e-03 5.24133327e-04 8.47916672e-05
 5.35329527e-05 6.08905611e-05 1.55490761e-05 8.42402747e-04
 7.01962708e-05 1.12787289e-04 2.29860561e-05 4.30459750e-06
 6.07175054e-04 2.57929605e-06 1.27312323e-05 6.51814698e-05
 2.92667741e-04 7.50068864e-07 4.14156035e-04 9.01744424e-05
 9.37651785e-05 7.30950924e-05 9.75213311e-07 3.40816769e-05
 5.06143406e-05 1.44105710e-04 7.44982754e-05 2.57280981e-03
 1.19024280e-05 9.34146738e-06 9.34266835e-04 2.99843396e-05
 4.84604379e-06 1.01437070e-03 3.96502073e-05 9.82512120e-06
 2.60614124e-05 7.41267968e-06 1.58836789e-04 4.07563402e-06
 3.42764761e-05 1.52547538e-04 1.26876485e-05 4.98848294e-06
 1.47088958e-05 3.93628937e-07 2.03750233e-06 1.66678353e-06
 5.51769590e-05 1.43444340e-04 1.53782754e-03 1.70039188e-04]",194,Hip Hop---Instrumental,Hip Hop
/home/ruthu/AMPLab_assignment1/audiofiles/audio_chunks/audio.000/5f/5FVd6KXrgO9B3JPmC8OPst.mp3,"[5.23756789e-05 9.29725589e-04 3.97235993e-03 5.68712968e-03
 1.00529296e-02 1.01072276e-02 1.09987057e-04 4.39241901e-03
 4.53153327e-02 9.72513226e-05 6.41781697e-03 9.99454316e-03
 7.88020625e-05 3.52055213e-05 1.07126434e-04 4.38060815e-04
 4.20243086e-05 2.60892091e-04 2.85266760e-05 1.04583551e-05
 5.90538075e-05 5.66406583e-04 1.05366116e-05 7.59350951e-04
 7.93063737e-05 6.62686478e-04 6.61557424e-05 1.13840724e-04
 3.91765556e-04 6.08344226e-06 1.42102108e-05 1.43259764e-03
 3.05898197e-04 2.15500375e-04 2.54101964e-04 5.02332719e-03
 1.71682826e-04 5.67758048e-04 3.30322189e-04 9.22277104e-04
 4.02652631e-06 3.40332830e-04 2.18101122e-04 3.67469824e-04
 7.47018843e-04 2.07806518e-03 1.13564648e-03 1.09341287e-03
 1.53251085e-03 4.39963071e-03 7.62229727e-04 5.41759327e-05
 1.97868314e-04 8.07009055e-05 9.54393363e-06 7.65983202e-03
 1.61469390e-03 6.84379076e-04 6.67600543e-04 8.31831130e-05
 5.72301215e-04 2.99773601e-05 1.42581144e-03 6.53058104e-03
 8.36280640e-04 1.04503240e-03 2.39395697e-04 1.97390924e-04
 1.24141996e-04 2.10893209e-04 9.48275533e-03 4.28105384e-04
 3.23113578e-04 2.95708451e-05 1.04478546e-04 7.34216374e-05
 3.87962382e-06 3.94165196e-04 2.22371382e-05 2.51332589e-04
 1.97043046e-05 3.17251761e-05 9.48517918e-05 2.44923849e-05
 1.56167844e-05 3.37835154e-05 1.43757599e-04 5.15475258e-05
 6.43422027e-05 1.41586817e-03 1.65054022e-04 1.78702525e-03
 3.51306720e-04 4.17639734e-04 5.56472037e-03 2.87204603e-05
 8.73964018e-05 6.06879221e-05 6.85273117e-05 5.81148088e-05
 2.07126341e-05 7.51352782e-05 1.92299820e-04 3.59120965e-03
 1.51686936e-05 6.24704990e-04 1.36414747e-04 5.58484870e-04
 2.13042105e-04 3.77680524e-03 3.78280354e-04 9.92750865e-04
 3.66639276e-03 8.83349625e-04 8.02894472e-04 3.52335890e-04
 2.06199675e-05 1.50615728e-04 2.77803119e-05 5.55459374e-05
 1.56253445e-04 9.62321792e-06 4.79198061e-04 5.12544902e-05
 3.11747717e-05 1.35650476e-02 2.90003419e-03 3.99651704e-04
 4.57569586e-05 8.20486399e-04 1.03765589e-04 7.44625577e-04
 1.48275212e-04 2.66120047e-03 1.08173490e-03 3.35870689e-04
 3.07059614e-04 4.28773754e-04 1.49061147e-03 4.23472549e-04
 3.21604894e-04 4.62246717e-05 1.13594439e-03 6.61188271e-03
 1.53033150e-04 1.52236607e-04 7.63280829e-03 3.54943704e-03
 2.23455754e-05 1.24568527e-04 3.06228292e-04 8.01066519e-04
 1.22708399e-04 1.34011765e-03 4.97414451e-03 9.96599789e-04
 1.27391628e-04 8.10442143e-04 5.39885295e-05 4.24920254e-05
 8.11743030e-06 6.38337457e-04 2.20629299e-04 2.67353700e-03
 2.93391669e-04 8.62053566e-05 3.41139408e-03 3.52688105e-04
 1.02280965e-03 8.47827457e-03 1.31950527e-03 6.59316592e-03
 2.41202142e-04 5.39705565e-04 1.53210969e-03 2.05692346e-03
 1.23727089e-02 3.40678962e-04 7.33243360e-05 7.27474398e-05
 3.29361559e-04 2.01350951e-04 1.63105960e-05 6.95692899e-04
 2.16680905e-03 1.47363477e-04 5.92367491e-04 1.32695728e-04
 4.89748898e-04 2.13455191e-04 8.04075447e-04 9.62382881e-04
 1.40548265e-03 1.57330418e-03 2.43802118e-04 4.36428963e-04
 1.71981919e-05 2.00319081e-03 5.13321953e-04 6.89915905e-04
 4.68483777e-04 3.47353605e-04 1.18006743e-03 3.11072730e-03
 3.98346834e-04 2.35854914e-05 1.52047010e-04 1.22123235e-03
 6.43966559e-05 2.48515680e-05 1.23123580e-04 1.14473491e-03
 5.91802564e-05 1.14539973e-04 5.40714864e-05 4.01357247e-04
 1.74599409e-04 1.64476602e-04 1.27602339e-04 6.33214768e-06
 3.24271503e-04 1.36289722e-03 3.56377859e-05 2.03308555e-05
 2.04044991e-05 4.11843968e-04 1.63776320e-04 2.03771429e-04
 7.40483447e-05 3.34163022e-04 7.15662463e-05 2.00103077e-05
 4.67727368e-05 5.34447690e-06 7.69551407e-05 3.34768265e-05
 2.45833275e-04 3.77728138e-05 9.57373140e-06 2.47862790e-05
 5.56476843e-05 1.01871687e-04 4.29020656e-06 4.66028905e-05
 1.23113241e-05 1.07487704e-05 3.09468055e-06 5.63817564e-04
 1.77912152e-04 1.14461409e-05 1.67440430e-05 1.42107083e-05
 8.57401290e-04 1.18149044e-04 1.76217654e-05 8.92494063e-06
 5.46607364e-04 6.36665427e-05 4.61327982e-05 1.70210536e-04
 1.68731985e-05 2.59342460e-06 1.01680860e-04 3.07914670e-05
 2.22143149e-06 3.03435460e-04 4.01925703e-04 2.42636976e-04
 4.90931525e-05 1.67038073e-04 3.46027059e-03 2.48683500e-04
 1.10923115e-03 6.38868223e-05 8.97563223e-05 4.72791289e-05
 2.49320362e-03 1.42274133e-03 5.91183407e-03 5.20352856e-04
 1.68444938e-03 2.63988879e-03 4.38405586e-05 1.27200864e-03
 4.21799198e-02 1.23704609e-03 4.44180390e-04 7.55194851e-05
 1.46372628e-03 1.01677069e-04 2.24033720e-03 1.82023435e-03
 2.44386756e-04 6.84660347e-03 4.10825087e-05 2.46476469e-04
 3.37622623e-04 3.95871975e-05 2.54877319e-04 7.72417989e-04
 7.38245610e-04 1.02462036e-04 7.15880960e-05 3.62437393e-04
 1.70013136e-05 4.02085856e-03 1.11186570e-02 6.23374339e-03
 2.06877291e-01 1.27403000e-02 3.31031196e-02 3.10075440e-04
 5.20333648e-03 3.81231820e-03 1.57141301e-03 5.19387685e-02
 4.23206426e-02 1.78269111e-02 1.17482636e-02 9.01068654e-03
 2.16301618e-04 7.75386987e-04 2.04536154e-05 2.18719617e-02
 1.12607719e-04 7.61396904e-03 9.76042543e-03 8.39824229e-02
 1.12249358e-02 1.52438683e-02 3.77557352e-02 5.82765148e-04
 1.12132607e-02 2.02197480e-04 3.17817205e-03 1.10306241e-01
 1.31559018e-02 1.31191782e-05 1.54403355e-02 2.54967716e-03
 1.37068171e-04 6.11081980e-02 3.50181386e-02 2.45345058e-03
 1.48442183e-02 2.36904785e-01 8.35630111e-03 1.00213960e-02
 7.96854049e-02 7.23957689e-03 1.00684799e-02 1.98991882e-04
 3.02401197e-04 3.04776011e-04 8.22738186e-03 8.50614905e-03
 1.09216338e-02 2.84958258e-02 4.04085815e-02 7.44012432e-05
 3.24006635e-03 8.43042741e-04 1.34077175e-02 1.65974498e-02
 6.31981194e-02 2.20266265e-05 1.29138492e-02 1.29410094e-02
 2.86982604e-03 1.85968168e-02 8.51150195e-04 3.51858065e-02
 4.33257774e-05 1.31247928e-02 1.87998428e-03 1.09392151e-01
 7.22146453e-03 5.16511966e-03 4.36600037e-02 1.74729712e-02
 3.88728338e-03 6.96827471e-02 1.16345694e-03 8.73786025e-03
 9.80424974e-03 1.52685242e-02 2.40272284e-02 7.15470058e-04
 7.96926767e-02 1.79078132e-02 1.81128131e-03 3.40158222e-05
 1.25017657e-03 1.38399060e-04 5.26247488e-04 8.43657181e-04
 9.36968601e-04 2.38797002e-04 3.39358440e-03 3.60133388e-04]",345,Rock---Indie Rock,Rock
